{"accuracy": [0.39671194553375244, 0.7215868234634399, 0.8202287554740906, 0.8859899640083313, 0.8981415033340454, 0.9417440891265869, 0.9274481534957886, 0.9267333745956421, 0.9653323888778687, 0.9563974142074585], "loss": [1.7593705654144287, 0.7658219933509827, 0.5055666565895081, 0.3263993561267853, 0.27711230516433716, 0.18083073198795319, 0.2228369563817978, 0.20341429114341736, 0.11326909810304642, 0.12534686923027039], "val_accuracy": [0.6850000023841858, 0.7950000166893005, 0.8174999952316284, 0.8787500262260437, 0.8899999856948853, 0.9362499713897705, 0.9237499833106995, 0.949999988079071, 0.9337499737739563, 0.9024999737739563], "val_loss": [0.9112113118171692, 0.5850449204444885, 0.5104075074195862, 0.33801060914993286, 0.3349010944366455, 0.1732492595911026, 0.23571966588497162, 0.1799420714378357, 0.22373102605342865, 0.25811442732810974]}